Rk,Player,G,From,To,Age,G,PA,AB,R,H,1B,2B,3B,HR,RBI,SB,CS,BB,SO,BA,OBP,SLG,OPS,OPS+,TB,GIDP,HBP,SH,SF,IBB,Pos,Team
1,Albert Pujols,3022,2001,2022,21-42,3022,12854,11255,1887,3332,1953,678,16,685,2170,117,42,1360,1378,0.296,0.374,0.542,0.916,144,6097,420,117,1,121,316,3D759H/46,"LAA,LAD,STL"
2,Miguel Cabrera,2663,2003,2022,20-39,2663,11291,9900,1524,3066,1939,605,17,505,1838,40,21,1215,2004,0.31,0.386,0.527,0.913,143,5220,347,71,5,100,237,35D79H,"DET,FLA"
3,Robinson Canó,2260,2005,2022,22-39,2260,9530,8754,1261,2638,1699,571,33,335,1306,51,38,619,1210,0.301,0.351,0.489,0.84,125,4280,284,85,10,62,112,*4DH3/56,"ATL,NYM,NYY,SDP,SEA"
4,Yadier Molina,2184,2004,2022,21-39,2184,8422,7691,768,2141,1556,405,7,173,1008,70,37,539,905,0.278,0.329,0.4,0.729,96,3079,281,74,43,74,50,*23H/D15,STL
5,Nelson Cruz,1964,2005,2022,24-41,1964,8082,7214,1070,1986,1151,364,14,457,1285,81,32,719,1828,0.275,0.345,0.52,0.865,132,3749,173,82,2,57,77,D97H/83,"BAL,MIL,MIN,SEA,TBR,TEX,WSN"
6,Joey Votto,1964,2007,2022,23-38,1964,8390,6945,1137,2074,1264,451,22,337,1092,80,29,1327,1548,0.299,0.414,0.515,0.929,146,3580,162,70,0,48,147,*3HD/7,CIN
7,Elvis Andrus,1880,2009,2022,20-33,1880,7920,7136,986,1925,1443,347,50,85,696,321,109,573,1088,0.27,0.326,0.368,0.694,86,2627,183,51,103,56,7,*6DH,"OAK,TEX"
8,Evan Longoria,1867,2008,2022,22-36,1867,7822,6961,979,1850,1085,414,26,325,1107,58,19,698,1580,0.266,0.335,0.473,0.808,120,3291,194,70,1,92,86,*5DH/6,"SFG,TBR"
9,Justin Upton,1844,2007,2022,19-34,1844,7646,6718,1058,1754,1041,350,38,325,1003,151,59,785,1969,0.261,0.343,0.47,0.812,117,3155,142,78,3,59,49,*79HD/8,"ARI,ATL,DET,LAA,SDP,SEA"
10,Andrew McCutchen,1834,2009,2022,22-35,1834,7907,6809,1089,1900,1193,379,49,279,970,203,83,951,1479,0.279,0.371,0.472,0.843,130,3214,116,80,3,64,66,*879DH,"MIL,NYY,PHI,PIT,SFG"
11,Carlos Santana,1719,2010,2022,24-36,1719,7328,6119,892,1496,887,327,16,266,892,48,18,1122,1198,0.244,0.362,0.434,0.795,116,2653,153,33,0,54,62,32D5H/97,"CLE,KCR,PHI,SEA"
12,Freddie Freeman,1652,2010,2022,20-32,1652,7053,6111,1026,1813,1107,396,27,283,997,60,24,818,1377,0.297,0.384,0.509,0.894,139,3112,130,80,0,44,107,*3H5/D,"ATL,LAD"
13,Eric Hosmer,1633,2011,2022,21-32,1633,6783,6172,795,1711,1183,314,20,194,870,76,30,546,1199,0.277,0.336,0.429,0.765,108,2647,158,22,3,40,53,*3HD/9,"KCR,SDP"
14,Kurt Suzuki,1613,2007,2022,23-38,1613,6102,5510,591,1412,971,294,6,141,725,20,11,382,742,0.256,0.315,0.389,0.703,91,2141,148,118,26,66,22,2HD/3,"ATL,LAA,MIN,OAK,WSN"
15,Jason Heyward,1579,2010,2022,20-32,1579,6265,5527,781,1422,955,269,39,159,641,118,40,644,1101,0.257,0.339,0.406,0.746,101,2246,93,55,6,25,24,*98H,"ATL,CHC,STL"
16,Paul Goldschmidt,1556,2011,2022,23-34,1556,6678,5694,1001,1681,991,369,22,299,994,145,33,882,1484,0.295,0.391,0.525,0.916,144,2991,130,41,0,47,108,*3DH,"ARI,STL"
17,Alcides Escobar,1551,2008,2022,21-35,1551,6179,5747,670,1486,1134,249,58,45,478,178,45,253,863,0.259,0.295,0.346,0.64,74,1986,113,57,87,35,17,*654H/8179,"KCR,MIL,WSN"
18,Brandon Crawford,1513,2011,2022,24-35,1513,5731,5124,617,1295,843,274,43,135,687,44,34,491,1144,0.253,0.321,0.402,0.723,99,2060,113,54,6,56,73,*6H,SFG
19,Jose Altuve,1508,2011,2022,21-32,1508,6659,6049,930,1852,1285,357,29,181,672,269,81,479,803,0.306,0.36,0.465,0.825,126,2810,165,59,26,46,41,*4DH/6,HOU
20,Anthony Rizzo,1487,2011,2022,21-32,1487,6334,5403,812,1437,838,304,22,273,871,72,38,700,1006,0.266,0.367,0.482,0.849,128,2604,126,189,0,42,72,*3H4/D157,"CHC,NYY,SDP"
21,Dexter Fowler,1460,2008,2021,22-35,1460,5902,5040,817,1306,844,253,82,127,517,149,68,740,1326,0.259,0.358,0.417,0.775,104,2104,58,51,43,28,16,89H/D,"CHC,COL,HOU,LAA,STL"
22,Michael Brantley,1430,2009,2022,22-35,1430,6092,5512,751,1641,1143,346,25,127,713,125,33,483,656,0.298,0.356,0.439,0.794,117,2418,128,37,13,46,37,78DH9,"CLE,HOU"
23,Giancarlo Stanton,1397,2010,2022,20-32,1397,5873,5105,797,1362,711,270,11,370,950,42,15,680,1642,0.267,0.356,0.541,0.898,143,2764,123,49,0,36,83,9D7H/8,"FLA,MIA,NYY"
24,DJ LeMahieu,1379,2011,2022,22-33,1379,5686,5128,786,1532,1150,243,36,103,569,91,44,459,824,0.299,0.357,0.42,0.777,102,2156,153,26,35,38,22,453H/D6,"CHC,COL,NYY"
25,Manny Machado,1374,2012,2022,19-29,1374,5966,5394,793,1516,938,294,18,266,802,83,34,486,1001,0.281,0.34,0.49,0.831,125,2644,157,24,14,48,57,*56DH,"BAL,LAD,SDP"
26,Mike Trout,1367,2011,2022,19-30,1367,5986,4938,1022,1495,825,285,51,334,867,204,37,904,1312,0.303,0.416,0.584,1,176,2884,61,91,0,52,115,*87D9H,LAA
27,Matt Carpenter,1356,2011,2022,25-36,1356,5303,4468,769,1175,678,304,28,165,598,27,17,709,1092,0.263,0.369,0.454,0.823,124,2030,37,67,12,46,40,534HD9/71,"NYY,STL"
28,Charlie Blackmon,1349,2011,2022,24-35,1349,5685,5146,865,1537,997,280,55,205,681,136,56,394,953,0.299,0.357,0.494,0.851,114,2542,58,87,26,32,30,*897HD,COL
29,Bryce Harper,1347,2012,2022,19-29,1347,5757,4799,899,1350,754,291,23,282,800,120,41,859,1241,0.281,0.391,0.528,0.919,144,2533,102,39,12,48,107,*978DH/3,"PHI,WSN"
30,J.D. Martinez,1347,2011,2022,23-34,1347,5636,5057,764,1470,850,325,20,275,875,25,11,496,1358,0.291,0.355,0.526,0.881,134,2660,157,31,0,48,53,9D7H,"ARI,BOS,DET,HOU"
31,Justin Turner,1346,2009,2022,24-37,1346,4949,4349,629,1250,805,277,9,159,628,39,10,444,739,0.287,0.364,0.465,0.829,125,2022,111,107,5,44,16,5H4D63/17,"BAL,LAD,NYM"
32,Nolan Arenado,1322,2013,2022,22-31,1322,5573,5035,771,1452,818,316,31,287,923,19,18,445,826,0.288,0.346,0.534,0.88,123,2691,151,28,5,59,68,*5DH,"COL,STL"
33,Jed Lowrie,1303,2008,2022,24-38,1303,5179,4599,590,1183,754,291,17,121,594,8,3,502,894,0.257,0.33,0.407,0.737,103,1871,93,24,8,46,19,645DH3,"BOS,HOU,NYM,OAK"
34,Mike Moustakas,1300,2011,2022,22-33,1300,5141,4661,546,1154,689,258,6,201,630,21,10,373,859,0.248,0.309,0.435,0.743,98,2027,112,57,8,42,25,54DH3,"CIN,KCR,MIL"
35,Brandon Belt,1281,2011,2022,23-34,1281,4970,4295,624,1130,657,263,36,174,577,47,21,605,1175,0.263,0.358,0.463,0.821,125,1987,57,44,1,25,34,3H7/D9,SFG
36,Jean Segura,1274,2012,2022,22-32,1274,5403,5008,689,1427,1052,227,45,103,478,200,66,286,745,0.285,0.329,0.41,0.739,99,2053,122,58,27,23,24,645H/D,"ARI,LAA,MIL,PHI,SEA"
37,Josh Donaldson,1270,2010,2022,24-36,1270,5411,4632,768,1236,694,270,12,260,762,40,9,679,1100,0.267,0.364,0.499,0.863,133,2310,122,53,5,42,21,5DH2/36,"ATL,CLE,MIN,NYY,OAK,TOR"
38,Andrelton Simmons,1225,2012,2022,22-32,1225,4816,4441,501,1169,875,201,23,70,444,72,24,304,461,0.263,0.312,0.366,0.678,87,1626,163,26,16,29,15,*64H/D1,"ATL,CHC,LAA,MIN"
39,Eduardo Escobar,1210,2011,2022,22-33,1210,4614,4221,538,1069,649,232,40,148,574,21,17,318,920,0.253,0.306,0.432,0.739,98,1825,54,23,13,39,22,564HD73/1289,"ARI,CHW,MIL,MIN,NYM"
40,Starling Marte,1208,2012,2022,23-33,1208,5084,4641,730,1343,908,251,49,135,542,306,90,267,1009,0.289,0.345,0.452,0.797,117,2097,90,140,16,20,16,*789H/D,"ARI,MIA,NYM,OAK,PIT"
41,José Abreu,1199,2014,2022,27-35,1199,5203,4684,662,1361,819,287,16,239,831,11,5,365,1036,0.291,0.352,0.512,0.864,135,2397,155,108,0,46,55,*3D/H5,CHW
42,Xander Bogaerts,1199,2013,2022,20-29,1199,5119,4592,720,1338,882,293,15,148,646,71,15,440,940,0.291,0.356,0.458,0.814,116,2105,107,42,5,40,20,*65HD,BOS
43,Salvador Perez,1197,2011,2022,21-32,1197,4794,4530,516,1208,760,226,11,211,690,6,1,171,870,0.267,0.3,0.461,0.761,104,2089,151,57,0,35,22,*2DH/3,KCR
44,Christian Yelich,1179,2013,2022,21-30,1179,5131,4456,752,1286,841,247,30,168,604,150,29,608,1108,0.289,0.377,0.471,0.848,130,2097,95,38,4,24,40,*789DH,"MIA,MIL"
45,Nick Castellanos,1174,2013,2022,21-30,1174,4841,4452,575,1229,721,297,35,176,640,18,18,315,1118,0.276,0.326,0.477,0.803,113,2124,97,36,0,38,17,95D7H,"CHC,CIN,DET,PHI"
46,Lorenzo Cain,1171,2010,2022,24-36,1171,4758,4314,626,1220,884,225,24,87,454,190,44,362,854,0.283,0.343,0.407,0.749,102,1754,109,49,0,32,14,89H/D7,"KCR,MIL"
47,Kole Calhoun,1151,2012,2022,24-34,1151,4686,4175,615,1029,642,197,18,172,549,33,16,429,1032,0.246,0.32,0.426,0.746,105,1778,71,39,4,37,15,*9H7D/38,"ARI,LAA,TEX"
48,César Hernández,1128,2013,2022,23-32,1128,4568,4072,568,1090,817,172,31,70,354,84,38,437,881,0.268,0.342,0.377,0.718,95,1534,67,29,13,16,17,*4H568/D,"CHW,CLE,PHI,WSN"
49,Marcell Ozuna,1124,2013,2022,22-31,1124,4694,4280,567,1154,750,194,20,190,657,28,14,373,1000,0.27,0.329,0.457,0.787,113,1958,107,17,1,22,15,*78D9H,"ATL,MIA,STL"
50,Josh Harrison,1111,2011,2022,23-34,1111,4021,3698,470,1004,698,207,32,67,365,90,36,175,606,0.271,0.317,0.399,0.716,96,1476,62,87,28,32,5,45H796D/183,"CHW,DET,OAK,PIT,WSN"
51,Marcus Semien,1105,2013,2022,22-31,1105,4723,4262,630,1084,662,224,26,172,524,97,27,420,939,0.254,0.321,0.44,0.762,108,1876,78,12,7,22,5,645H/D,"CHW,OAK,TEX,TOR"
52,Marwin Gonzalez,1101,2012,2022,23-33,1101,3793,3448,412,880,585,183,8,104,407,43,28,255,789,0.255,0.313,0.403,0.716,96,1391,86,41,36,13,10,63754H9D/81,"BOS,HOU,MIN,NYY"
53,Eugenio Suárez,1089,2014,2022,22-30,1089,4381,3845,548,965,574,170,12,209,594,28,17,437,1151,0.251,0.334,0.464,0.799,110,1786,94,59,9,31,14,56HD,"CIN,DET,SEA"
54,Jonathan Schoop,1087,2013,2022,21-30,1087,4290,4021,524,1038,661,201,7,169,522,15,4,175,952,0.258,0.297,0.438,0.735,98,1760,115,58,7,28,4,43H6D5,"BAL,DET,MIL,MIN"
55,Jackie Bradley Jr.,1084,2013,2022,23-32,1084,3957,3516,489,803,479,192,27,105,430,69,17,348,1010,0.228,0.308,0.388,0.696,85,1364,57,64,7,22,17,*89H7/D1,"BOS,MIL"
56,Anthony Rendon,1071,2013,2022,23-32,1071,4596,3992,639,1137,686,279,16,156,635,47,16,499,714,0.285,0.368,0.48,0.848,125,1916,84,52,4,49,30,54H/6D,"LAA,WSN"
57,Yasmani Grandal,1068,2012,2022,23-33,1068,4062,3406,467,809,473,155,7,174,520,12,7,601,958,0.238,0.352,0.44,0.793,116,1500,104,20,3,32,10,2H3D,"CHW,LAD,MIL,SDP"
58,José Ramírez,1064,2013,2022,20-29,1064,4391,3864,657,1078,591,275,32,180,608,167,39,443,527,0.279,0.355,0.506,0.862,128,1957,60,32,19,33,40,5467DH,CLE
59,Didi Gregorius,1063,2012,2022,22-32,1063,4208,3844,500,993,653,180,27,133,524,36,16,253,605,0.258,0.31,0.423,0.733,97,1626,50,52,15,42,19,6H4/5D,"ARI,CIN,NYY,PHI"
60,José Iglesias,1051,2011,2022,21-32,1051,3861,3600,418,1005,735,209,14,47,350,59,35,167,477,0.279,0.32,0.384,0.704,89,1383,84,55,24,15,6,65H4D,"BAL,BOS,CIN,COL,DET,LAA"
61,Mookie Betts,1041,2014,2022,21-29,1041,4747,4174,815,1229,718,283,30,198,614,152,33,494,646,0.294,0.371,0.519,0.89,134,2166,52,35,4,40,28,*984HD,"BOS,LAD"
62,Rougned Odor,1038,2014,2022,20-28,1038,4066,3727,502,864,494,171,29,170,530,63,50,237,969,0.232,0.287,0.43,0.717,88,1603,51,64,12,26,14,*4H5D,"BAL,NYY,TEX"
63,Kolten Wong,1034,2013,2022,22-31,1034,3794,3367,455,875,604,167,31,73,353,110,34,288,590,0.26,0.332,0.393,0.725,97,1323,44,90,20,29,28,*4H/8796,"MIL,STL"
64,Kevin Pillar,1033,2013,2022,24-33,1033,3846,3607,460,934,605,217,15,97,391,92,32,154,640,0.259,0.296,0.408,0.704,88,1472,70,47,12,26,6,*879H/D1,"BOS,COL,LAD,NYM,SFG,TOR"
65,Jonathan Villar,1028,2013,2022,22-31,1028,3919,3517,481,897,617,161,19,100,341,239,66,342,1041,0.255,0.322,0.397,0.719,94,1396,55,16,26,17,10,645HD8/7,"BAL,CHC,HOU,LAA,MIA,MIL,NYM,TOR"
66,Avisaíl García,1024,2012,2022,21-31,1024,4035,3705,477,989,691,149,16,133,503,48,32,247,957,0.267,0.32,0.423,0.744,102,1569,96,57,0,26,21,9D8H7,"CHW,DET,MIA,MIL,TBR"
67,Dee Strange-Gordon,1024,2011,2022,23-34,1024,4163,3906,538,1118,920,125,55,18,236,336,102,168,618,0.286,0.319,0.36,0.679,89,1407,46,32,29,26,6,46H87/D1,"LAD,MIA,SEA,WSN"
68,Wil Myers,1018,2013,2022,22-31,1018,3997,3562,506,902,542,199,14,147,499,103,31,393,1073,0.253,0.328,0.441,0.769,110,1570,83,15,1,26,17,9378H5D/14,"SDP,TBR"
69,Brad Miller,1010,2013,2022,23-32,1010,3416,3034,387,719,439,128,30,122,396,43,18,334,845,0.237,0.314,0.42,0.733,102,1273,37,15,9,22,10,64H3D5798,"CLE,MIL,PHI,SEA,STL,TBR,TEX"
70,Francisco Lindor,990,2015,2022,21-28,990,4422,3936,633,1084,671,218,21,174,538,118,33,374,667,0.275,0.34,0.474,0.815,115,1866,78,37,31,44,32,*6D/H,"CLE,NYM"
71,Corey Dickerson,980,2013,2022,24-33,980,3614,3361,458,940,556,218,35,131,430,30,24,216,744,0.28,0.324,0.482,0.806,114,1621,65,14,1,19,29,7DH89,"COL,MIA,PHI,PIT,STL,TBR,TOR"
72,AJ Pollock,965,2012,2022,24-34,965,3740,3408,528,948,578,208,32,130,440,120,27,263,661,0.278,0.333,0.472,0.806,114,1610,65,34,6,29,11,87H9D,"ARI,CHW,LAD"
73,Joc Pederson,961,2014,2022,22-30,961,3254,2807,435,655,339,141,10,165,405,22,23,367,781,0.233,0.332,0.467,0.799,114,1311,46,56,5,18,19,87H9D3,"ATL,CHC,LAD,SFG"
74,Randal Grichuk,958,2014,2022,22-30,958,3540,3299,442,809,433,190,21,165,476,23,16,195,936,0.245,0.292,0.466,0.757,101,1536,81,28,1,17,6,*987HD/1,"COL,STL,TOR"
75,Martín Maldonado,954,2011,2022,24-35,954,3156,2808,298,585,379,113,4,89,302,3,5,253,817,0.208,0.286,0.347,0.633,72,973,68,58,28,9,17,2H3/1,"CHC,HOU,KCR,LAA,MIL"
76,Robbie Grossman,953,2013,2022,23-32,953,3698,3158,429,778,526,163,14,75,340,60,26,475,811,0.246,0.348,0.378,0.726,102,1194,38,30,14,21,8,79DH8,"DET,HOU,MIN,OAK"
77,Jason Castro,952,2010,2022,23-35,952,3381,2981,368,678,406,166,9,97,325,6,2,347,970,0.227,0.312,0.387,0.699,92,1153,60,27,8,18,11,2HD/3,"HOU,LAA,MIN,SDP"
78,George Springer,952,2014,2022,24-32,952,4248,3682,678,985,586,170,16,213,548,61,33,464,929,0.268,0.357,0.496,0.853,132,1826,67,65,2,24,10,98DH/7,"HOU,TOR"
79,David Peralta,951,2014,2022,26-34,951,3695,3369,430,950,608,188,45,109,464,33,14,277,718,0.282,0.339,0.462,0.801,111,1555,67,27,1,21,18,*79H8D/1,ARI
80,Wilmer Flores,946,2013,2022,21-30,946,3269,3001,377,799,517,158,4,120,425,5,3,206,435,0.266,0.317,0.442,0.758,106,1325,79,29,3,30,8,4536HD,"ARI,NYM,SFG"
81,J.T. Realmuto,942,2014,2022,23-31,942,3787,3450,483,940,604,192,25,119,466,68,17,251,755,0.272,0.329,0.446,0.775,109,1539,75,54,1,28,14,2H3D,"MIA,PHI"
82,Javier Báez,938,2014,2022,21-29,938,3567,3334,480,868,511,178,21,158,500,84,31,170,1029,0.26,0.302,0.469,0.771,103,1562,78,37,8,17,32,645H3/D79,"CHC,DET,NYM"
83,Yan Gomes,931,2012,2022,24-34,931,3435,3163,380,774,482,164,8,120,426,5,0,187,820,0.245,0.295,0.415,0.71,90,1314,89,51,2,32,15,2HD3/57,"CHC,CLE,OAK,TOR,WSN"
84,Billy Hamilton,920,2013,2022,22-31,920,3266,2971,445,712,540,109,39,24,189,317,71,228,697,0.24,0.293,0.327,0.62,67,971,19,4,44,19,1,8H7/D9,"ATL,CHC,CHW,CIN,KCR,MIA,NYM"
85,C.J. Cron,914,2014,2022,24-32,914,3497,3167,403,838,490,173,9,166,532,10,8,231,793,0.265,0.325,0.482,0.808,116,1527,80,67,0,26,12,3DH,"COL,DET,LAA,MIN,TBR"
86,Kevin Kiermaier,914,2013,2022,23-32,914,3351,3053,410,756,483,140,51,82,316,112,36,236,736,0.248,0.308,0.407,0.715,98,1244,38,35,14,13,12,89H/D7,TBR
87,Kris Bryant,913,2015,2022,23-30,913,3962,3397,613,947,546,211,19,171,497,44,20,454,926,0.279,0.376,0.503,0.879,132,1709,48,88,0,23,21,57938HD/6,"CHC,COL,SFG"
88,Maikel Franco,903,2014,2022,21-29,903,3510,3246,358,796,501,163,4,128,463,4,1,221,556,0.245,0.294,0.416,0.711,89,1351,102,16,0,27,39,5H3D,"BAL,KCR,PHI,WSN"
89,Miguel Rojas,893,2014,2022,25-33,893,2856,2608,301,687,508,131,9,39,254,43,16,184,357,0.263,0.317,0.365,0.683,87,953,78,31,14,18,16,635H4/7,"LAD,MIA"
90,Kiké Hernández,875,2014,2022,22-30,875,2831,2514,363,602,347,145,15,95,311,13,4,263,565,0.239,0.314,0.422,0.737,97,1062,37,23,6,25,11,84H76953/D1,"BOS,HOU,LAD,MIA"
91,Ender Inciarte,868,2014,2022,23-31,868,3422,3125,447,875,667,138,28,42,263,118,45,239,447,0.28,0.333,0.382,0.715,91,1195,35,18,21,19,11,879H/D,"ARI,ATL,NYM"
92,Whit Merrifield,852,2016,2022,27-33,852,3762,3461,497,990,681,210,26,73,381,173,40,234,590,0.286,0.332,0.425,0.757,103,1471,57,25,4,38,9,4987D3/H5,KCR
93,Juan Lagares,850,2013,2022,24-33,850,2508,2329,270,582,410,119,22,31,217,45,19,120,528,0.25,0.291,0.36,0.651,80,838,46,22,21,16,13,8H97,"LAA,NYM"
94,Mike Zunino,850,2013,2022,22-31,850,2958,2674,315,535,270,114,5,146,361,2,4,204,1027,0.2,0.271,0.41,0.681,88,1097,51,59,8,13,1,2H/D,"SEA,TBR"
95,Eddie Rosario,832,2015,2022,23-30,832,3322,3114,449,847,532,155,25,135,453,51,23,164,617,0.272,0.306,0.468,0.774,106,1457,40,3,12,29,15,*798DH/5,"ATL,CLE,MIN"
96,Adam Duvall,826,2014,2022,25-33,826,3026,2757,380,632,322,135,13,162,476,18,12,204,862,0.229,0.289,0.464,0.753,96,1279,38,37,0,27,7,79H83/5D,"ATL,CIN,MIA,SFG"
97,Trevor Story,826,2016,2022,23-29,826,3478,3129,512,836,439,197,27,173,508,110,30,294,970,0.267,0.335,0.513,0.848,111,1606,51,35,2,18,16,*64H/D,"BOS,COL"
98,Jake Marisnick,825,2013,2022,22-31,825,2145,1959,276,446,280,90,13,63,211,79,29,115,643,0.228,0.281,0.383,0.664,81,751,32,35,22,13,5,8H79D,"CHC,HOU,MIA,NYM,PIT,SDP"
99,Carlos Correa,818,2015,2022,20-27,818,3511,3078,475,852,526,175,8,143,520,33,8,378,723,0.277,0.356,0.478,0.834,128,1472,90,20,0,35,19,*6/HD,"HOU,MIN"
100,Chris Taylor,817,2014,2022,23-31,817,2985,2651,409,687,408,165,29,85,336,64,18,281,843,0.259,0.335,0.439,0.775,108,1165,30,30,7,16,8,6784H59D,"LAD,SEA"
101,Nick Ahmed,816,2014,2022,24-32,816,2953,2699,330,636,401,144,23,68,305,36,21,203,575,0.236,0.29,0.382,0.672,77,1030,65,14,13,24,14,6H/4D,ARI
102,Aaron Hicks,816,2013,2022,23-32,816,3091,2649,399,618,399,107,14,98,337,64,26,389,651,0.233,0.332,0.395,0.728,99,1047,38,17,11,25,7,897HD,"MIN,NYY"
103,Odúbel Herrera,811,2015,2022,23-30,811,3166,2901,374,788,533,158,19,78,303,66,25,210,658,0.272,0.326,0.42,0.746,100,1218,45,32,9,13,14,*8H79,PHI
104,Tommy Pham,811,2014,2022,26-34,811,3135,2697,466,708,459,123,18,108,336,96,27,390,734,0.263,0.36,0.442,0.802,117,1191,86,30,3,15,11,78HD9,"CIN,SDP,STL,TBR"
105,Tucker Barnhart,801,2014,2022,23-31,801,2740,2430,227,596,418,121,6,51,270,6,5,260,555,0.245,0.321,0.363,0.684,81,882,65,19,15,16,35,2H3/19,"CIN,DET"
106,Max Kepler,801,2015,2022,22-29,801,3229,2834,423,664,365,157,13,129,394,32,15,336,583,0.234,0.32,0.435,0.756,104,1234,30,34,2,23,10,*98HD/3,MIN
107,Josh Bell,785,2016,2022,23-29,785,3135,2723,402,723,434,148,16,125,444,4,12,365,569,0.266,0.352,0.469,0.821,121,1278,85,15,0,30,28,*3HD9/7,"PIT,WSN"
108,Michael A. Taylor,780,2014,2022,23-31,780,2568,2355,288,568,378,109,11,70,262,92,29,180,766,0.241,0.297,0.386,0.683,81,909,35,12,9,12,14,8H79/D13,"KCR,WSN"
109,Trea Turner,776,2015,2022,22-29,776,3414,3123,534,946,623,174,34,115,399,220,41,249,618,0.303,0.357,0.491,0.848,123,1533,52,23,2,15,8,648H,"LAD,WSN"
110,Jurickson Profar,767,2012,2022,19-29,767,2805,2459,347,583,374,123,15,71,293,45,14,277,450,0.237,0.323,0.386,0.709,93,949,50,42,12,14,4,4765H3D98,"OAK,SDP,TEX"
111,Ketel Marte,760,2015,2022,21-28,760,3067,2768,389,790,505,177,31,77,314,45,14,255,465,0.285,0.348,0.455,0.803,114,1260,50,19,6,19,13,468HD/5,"ARI,SEA"
112,Dansby Swanson,755,2016,2022,22-28,755,3067,2747,389,699,447,148,13,91,365,54,18,269,738,0.254,0.323,0.417,0.74,94,1146,33,19,9,23,36,*6H,ATL
113,Tim Anderson,754,2016,2022,23-29,754,3204,3052,463,879,608,159,16,96,309,102,25,114,744,0.288,0.317,0.445,0.762,106,1358,72,19,10,9,4,*6/HD,CHW
114,Adam Frazier,752,2016,2022,24-30,752,2795,2529,347,695,490,140,22,43,238,33,26,210,356,0.275,0.338,0.399,0.736,100,1008,38,35,11,10,11,4H798D/56,"PIT,SDP,SEA"
115,James McCann,752,2014,2022,24-32,752,2749,2529,254,618,429,102,10,77,309,9,9,165,705,0.244,0.297,0.384,0.681,84,971,74,32,7,16,2,2HD/3,"CHW,DET,NYM"
116,Kyle Schwarber,751,2015,2022,22-29,751,2957,2528,432,591,300,102,8,181,407,16,12,390,830,0.234,0.341,0.495,0.836,121,1252,37,26,1,12,32,7HD23/9,"BOS,CHC,PHI,WSN"
117,Stephen Vogt,751,2012,2022,27-37,751,2488,2253,250,543,335,117,12,79,297,4,5,199,468,0.241,0.302,0.409,0.711,94,921,26,9,4,23,16,2H3D97,"ARI,ATL,MIL,OAK,SFG,TBR"
118,Derek Dietrich,746,2013,2020,23-30,746,2513,2191,318,536,324,107,21,84,255,7,5,181,576,0.245,0.335,0.428,0.762,107,937,27,123,2,15,14,475H3D/9,"CIN,MIA,TEX"
119,Yuli Gurriel,735,2016,2022,32-38,735,3035,2792,377,801,513,190,5,93,408,18,9,177,339,0.287,0.331,0.458,0.79,113,1280,83,28,0,38,5,35D4H/67,HOU
120,Alex Bregman,734,2016,2022,22-28,734,3175,2702,465,748,419,189,12,128,443,35,10,404,444,0.277,0.376,0.498,0.873,136,1345,64,40,1,28,12,56D/4H7,HOU
121,Travis Shaw,733,2015,2022,25-32,733,2690,2374,310,563,319,127,3,114,366,20,4,275,650,0.237,0.319,0.437,0.757,98,1038,49,20,4,17,20,53H4D/7,"BOS,MIL,TOR"
122,Jorge Soler,728,2014,2022,22-30,728,2876,2510,338,609,333,139,3,134,377,10,5,298,778,0.243,0.328,0.461,0.789,110,1156,68,33,0,21,10,9D7H,"ATL,CHC,KCR,MIA"
123,Welington Castillo,726,2010,2019,23-32,726,2701,2462,251,626,401,126,1,98,339,5,0,183,691,0.254,0.313,0.426,0.738,98,1048,67,35,3,18,9,2HD/3,"ARI,BAL,CHC,CHW,SEA"
124,Corey Seager,720,2015,2022,21-28,720,3081,2749,440,799,488,174,12,125,412,15,6,290,560,0.291,0.361,0.499,0.86,130,1372,59,24,0,18,22,6HD/5,"LAD,TEX"
125,Mark Canha,719,2015,2022,26-33,719,2786,2393,386,592,369,114,13,96,325,30,10,285,606,0.247,0.347,0.426,0.773,115,1020,48,90,1,17,5,7839HD/5,"NYM,OAK"
126,Jorge Polanco,719,2014,2022,20-28,719,3049,2742,391,748,476,157,20,95,388,47,28,247,525,0.273,0.334,0.449,0.782,112,1230,40,17,16,27,3,64HD/5,MIN
127,Chris Owings,710,2013,2022,21-30,710,2464,2280,262,546,358,124,27,37,220,79,16,143,598,0.239,0.287,0.366,0.653,72,835,33,14,14,13,13,64H9857/1D,"ARI,BAL,BOS,COL,KCR"
128,Jesús Aguilar,709,2014,2022,24-32,709,2368,2082,272,537,331,100,2,104,379,1,1,218,549,0.258,0.329,0.458,0.787,109,953,64,20,0,36,8,3HD5,"CLE,MIA,MIL,TBR"
129,Stephen Piscotty,709,2015,2022,24-31,709,2749,2467,317,634,395,140,9,90,347,23,12,223,602,0.257,0.326,0.43,0.757,105,1062,72,38,3,17,5,97H38D,"OAK,STL"
130,Andrew Benintendi,706,2016,2022,21-27,706,3005,2652,379,740,492,160,17,71,370,63,24,294,548,0.279,0.352,0.433,0.784,109,1147,40,20,9,30,9,*78H/D,"BOS,KCR"
131,Jace Peterson,705,2014,2022,24-32,705,2227,1937,227,450,312,88,14,36,203,60,21,248,485,0.232,0.322,0.348,0.67,84,674,35,15,14,13,11,45H793/618D,"ATL,BAL,MIL,NYY,SDP"
132,Joey Gallo,698,2015,2022,21-28,698,2648,2225,381,450,189,85,8,168,360,27,8,397,980,0.202,0.329,0.474,0.803,111,1055,12,23,1,2,19,79358HD,"NYY,TEX"
133,Willson Contreras,696,2016,2022,24-30,696,2698,2340,335,607,363,127,9,108,345,21,17,269,651,0.259,0.352,0.46,0.812,115,1076,65,73,3,13,8,2HD73/95,CHC
134,Robinson Chirinos,692,2011,2022,27-38,692,2391,2063,272,467,256,113,5,93,299,5,4,226,645,0.226,0.321,0.421,0.742,97,869,45,69,15,18,2,2HD/354,"BAL,CHC,HOU,NYM,TBR,TEX"
135,Miguel Sanó,691,2015,2022,22-29,691,2853,2496,386,585,294,123,6,162,418,5,3,333,1038,0.234,0.326,0.483,0.809,117,1206,52,13,0,11,10,53D9H,MIN
136,Trey Mancini,689,2016,2022,24-30,689,2878,2604,354,708,445,137,11,115,345,2,1,219,653,0.272,0.335,0.465,0.801,116,1212,73,38,0,17,11,37D9H,BAL
137,Christian Vázquez,684,2014,2022,23-31,684,2473,2280,268,596,418,122,5,51,259,28,14,156,449,0.261,0.311,0.386,0.697,85,881,70,14,8,15,6,2HD35/4,BOS
138,Cody Bellinger,682,2017,2022,21-26,682,2758,2420,406,609,326,121,18,144,385,59,12,313,638,0.252,0.338,0.495,0.833,121,1198,34,9,0,15,47,8397H/D,LAD
139,Jake Lamb,675,2014,2022,23-31,675,2516,2187,319,518,297,106,22,93,334,18,11,285,646,0.237,0.328,0.433,0.761,98,947,52,23,0,21,22,5H37D/9,"ARI,CHW,LAD,OAK,TOR"
140,Leury García,669,2013,2022,22-31,669,2320,2138,277,543,411,84,15,33,196,63,17,108,534,0.254,0.295,0.354,0.649,77,756,35,24,34,16,1,8479H65D/1,"CHW,TEX"
141,Travis d'Arnaud,665,2013,2022,24-33,665,2523,2295,277,575,362,118,5,90,328,2,1,186,486,0.251,0.311,0.424,0.735,99,973,70,23,3,16,9,2H3D/45,"ATL,LAD,NYM,TBR"
142,Matt Olson,665,2016,2022,22-28,665,2766,2395,363,604,312,134,1,157,425,7,2,319,650,0.252,0.347,0.506,0.852,133,1211,58,36,0,16,29,39H/D,"ATL,OAK"
143,Nomar Mazara,662,2016,2022,21-27,662,2629,2390,291,617,411,112,9,85,359,7,6,195,573,0.258,0.318,0.419,0.737,92,1002,47,24,0,20,11,97DH,"CHW,DET,SDP,TEX"
144,Yolmer Sánchez,658,2014,2022,22-30,658,2462,2240,252,548,379,113,24,32,215,30,23,161,519,0.245,0.3,0.359,0.66,81,805,38,23,25,13,3,45H6D/19,"BOS,CHW"
145,Aaron Judge,657,2016,2022,24-30,657,2836,2391,469,661,362,107,4,188,431,32,12,403,830,0.276,0.382,0.56,0.942,153,1340,71,18,0,20,26,9D8H,NYY
146,Matt Chapman,656,2017,2022,24-29,656,2711,2380,381,572,292,140,16,124,337,5,8,280,723,0.24,0.326,0.469,0.795,117,1116,45,31,0,20,0,*5/6H,"OAK,TOR"
147,Manuel Margot,651,2016,2022,21-27,651,2349,2147,261,548,373,105,23,47,225,80,34,172,419,0.255,0.311,0.391,0.702,93,840,28,8,6,16,8,89H7D,"SDP,TBR"
148,Hernán Pérez,651,2012,2021,21-30,651,1846,1745,192,436,306,74,11,45,180,69,16,76,397,0.25,0.28,0.382,0.662,74,667,37,1,12,12,3,54H97638/1D,"CHC,DET,MIL,WSN"
149,Max Muncy,647,2015,2022,24-31,647,2444,2027,368,468,243,87,7,131,342,11,2,375,582,0.231,0.357,0.475,0.831,123,962,23,29,0,13,16,345HD97,"LAD,OAK"
150,Tommy La Stella,642,2014,2022,25-33,642,1859,1648,203,442,305,92,5,40,201,5,3,167,203,0.268,0.339,0.403,0.742,101,664,40,15,4,9,6,4H5D3/1,"ATL,CHC,LAA,OAK,SFG"
151,Kenley Jansen,640,2010,2022,22-34,640,10,9,1,3,2,1,0,0,1,0,0,1,3,0.333,0.4,0.444,0.844,129,4,1,0,0,0,0,1/H,"ATL,LAD"
152,Hunter Renfroe,631,2016,2022,24-30,631,2382,2168,310,514,253,117,3,141,349,13,4,177,630,0.237,0.296,0.489,0.785,108,1060,35,15,0,22,5,97H8/D3,"BOS,MIL,SDP,TBR"
153,Rafael Devers,630,2017,2022,20-25,630,2706,2474,414,706,395,173,7,131,418,23,17,204,572,0.285,0.343,0.52,0.863,125,1286,49,19,1,8,28,*5HD/46,BOS
154,Amed Rosario,625,2017,2022,21-26,625,2499,2354,312,644,464,102,31,47,232,72,28,115,497,0.274,0.31,0.403,0.713,95,949,52,13,5,12,6,*6H8/7D,"CLE,NYM"
155,Donovan Solano,625,2012,2022,24-34,625,2011,1841,190,510,388,90,8,24,187,13,4,113,357,0.277,0.326,0.374,0.7,91,688,41,28,14,15,6,4H657/D,"CIN,MIA,NYY,SFG"
156,Ozzie Albies,622,2017,2022,20-25,622,2703,2485,399,672,397,152,25,98,344,63,18,178,468,0.27,0.321,0.47,0.791,105,1168,18,18,2,20,8,*4/H,ATL
157,Ben Gamel,619,2016,2022,24-30,619,1974,1748,240,449,304,96,14,35,173,19,15,199,498,0.257,0.335,0.388,0.723,97,678,24,11,6,10,6,79H8/D3,"CLE,MIL,NYY,PIT,SEA"
158,José Peraza,618,2015,2021,21-27,618,2159,2011,234,534,403,82,14,35,182,79,31,89,282,0.266,0.306,0.372,0.679,79,749,39,35,12,12,6,64H785/1D9,"BOS,CIN,LAD,NYM"
159,Orlando Arcia,613,2016,2022,21-27,613,2096,1928,202,468,337,77,7,47,210,40,16,144,427,0.243,0.295,0.363,0.658,73,700,56,5,5,14,15,6H47/D518,"ATL,MIL"
160,Ian Happ,606,2017,2022,22-27,606,2151,1858,273,460,257,97,10,96,277,34,16,258,628,0.248,0.343,0.466,0.809,114,865,40,19,5,11,18,78H9453/D1,CHC
161,Gary Sánchez,606,2015,2022,22-29,606,2461,2176,326,497,251,96,2,148,376,5,2,237,656,0.228,0.313,0.478,0.792,111,1041,53,37,0,11,9,2DH/3,"MIN,NYY"
162,Eric Thames,605,2011,2020,24-33,605,2112,1868,286,451,238,100,17,96,235,18,6,207,617,0.241,0.325,0.467,0.792,108,873,25,28,2,7,14,37H9D,"MIL,SEA,TOR,WSN"
163,Delino DeShields,601,2015,2021,22-28,601,2114,1828,302,450,331,81,19,19,139,111,32,211,487,0.246,0.327,0.342,0.669,77,626,13,14,49,12,1,87HD/4,"CIN,CLE,TEX"
164,Rhys Hoskins,599,2017,2022,24-29,599,2579,2164,358,524,247,134,7,136,369,13,7,360,615,0.242,0.357,0.499,0.856,127,1080,36,35,0,17,9,37H/D,PHI
165,Ehire Adrianza,597,2013,2022,23-32,597,1499,1324,178,320,216,74,9,21,145,19,8,121,290,0.242,0.31,0.359,0.669,82,475,19,18,17,17,5,H654739/D18,"ATL,MIN,SFG,WSN"
166,Matt Duffy,594,2014,2022,23-31,594,2236,2039,246,574,448,90,9,27,204,40,14,154,378,0.282,0.339,0.374,0.713,97,763,70,27,6,10,1,5H463/D71,"CHC,LAA,SFG,TBR"
167,Brandon Drury,585,2015,2022,22-29,585,2033,1884,215,478,283,120,6,69,240,4,5,121,448,0.254,0.303,0.434,0.737,91,817,48,17,0,11,3,54H793D6/1,"ARI,CIN,NYM,NYY,TOR"
168,Teoscar Hernández,585,2016,2022,23-29,585,2262,2068,311,540,298,113,10,119,342,34,19,170,666,0.261,0.32,0.498,0.818,119,1030,42,14,0,9,3,978HD,"HOU,TOR"
169,Albert Almora,584,2016,2022,22-28,584,1545,1443,181,377,267,72,5,33,160,6,6,74,280,0.261,0.298,0.387,0.685,79,558,40,6,11,11,6,8H97/1D,"CHC,CIN,NYM"
170,Yoán Moncada,583,2016,2022,21-27,583,2476,2185,303,559,347,121,17,74,269,28,13,258,731,0.256,0.339,0.428,0.767,109,936,14,21,3,9,5,54DH,"BOS,CHW"
171,Sergio Romo,573,2008,2022,25-39,573,7,7,0,0,0,0,0,0,0,0,0,0,5,0,0,0,0,-100,0,0,0,0,0,0,5-Jan,"LAD,MIA,MIN,OAK,SEA,SFG,TBR,TOR"
172,Omar Narváez,567,2016,2022,24-30,567,1979,1729,206,457,331,74,2,50,184,0,2,215,378,0.264,0.35,0.396,0.746,104,685,34,19,5,11,8,2HD/43,"CHW,MIL,SEA"
173,Mark Melancon,565,2009,2022,24-37,565,2,0,0,0,0,0,0,0,0,0,0,1,0,,1,,,,0,0,0,1,0,0,1,"ARI,ATL,BOS,HOU,NYY,PIT,SDP,SFG,WSN"
174,Paul DeJong,564,2017,2022,23-28,564,2259,2021,287,478,276,101,4,97,288,19,7,178,574,0.237,0.308,0.434,0.743,99,878,40,40,0,19,4,*64H,STL
175,Charlie Culberson,563,2012,2022,23-33,563,1270,1172,135,290,197,57,8,28,140,21,10,67,328,0.247,0.294,0.381,0.675,80,447,29,12,13,6,9,H576439/1D,"ATL,COL,LAD,SFG,TEX"
176,Byron Buxton,562,2015,2022,21-28,562,2048,1875,302,455,232,111,19,93,247,73,10,127,591,0.243,0.297,0.471,0.768,106,883,10,23,14,9,3,8DH,MIN
177,Guillermo Heredia,560,2016,2022,25-31,560,1548,1370,176,315,212,74,2,27,112,7,12,130,308,0.23,0.31,0.346,0.656,79,474,24,32,11,5,5,87H9/D,"ATL,NYM,PIT,SEA,TBR"
178,Ryan Goins,555,2013,2020,25-32,555,1690,1545,154,353,248,71,12,22,158,6,6,108,371,0.228,0.278,0.333,0.611,65,514,46,3,23,11,1,46H59/D731,"CHW,KCR,TOR"
179,Austin Hedges,554,2015,2022,22-29,554,1834,1673,161,319,201,52,2,64,192,11,3,110,520,0.191,0.245,0.339,0.584,58,567,38,16,21,14,11,2H/D5,"CLE,SDP"
180,Jeimer Candelario,551,2016,2022,22-28,551,2253,1992,260,478,292,114,13,59,221,7,5,226,540,0.24,0.325,0.399,0.724,98,795,30,29,0,6,4,53HD,"CHC,DET"
181,Juan Soto,551,2018,2022,19-23,551,2379,1910,391,558,326,107,8,117,353,37,14,449,406,0.292,0.427,0.54,0.967,159,1032,54,8,1,11,52,*79H/D,WSN
182,Tony Kemp,545,2016,2022,24-30,545,1570,1352,186,324,229,60,10,25,125,33,12,163,232,0.24,0.329,0.354,0.683,91,479,22,25,13,16,2,47H8D/96,"CHC,HOU,OAK"
183,Aledmys Díaz,544,2016,2022,25-31,544,2021,1844,248,494,309,113,4,68,251,14,11,132,300,0.268,0.323,0.444,0.767,106,819,51,25,3,17,13,654H37D/9,"HOU,STL,TOR"
184,Ryan McMahon,538,2017,2022,22-27,538,1897,1680,227,408,250,83,7,68,255,16,6,194,530,0.243,0.324,0.422,0.746,89,709,35,13,1,9,5,54H3/6D,COL
185,Brandon Nimmo,538,2016,2022,23-29,538,2052,1702,287,454,286,92,21,55,181,20,14,286,475,0.267,0.386,0.442,0.829,129,753,20,50,6,8,5,879H/D,NYM
186,Gio Urshela,538,2015,2022,23-30,538,1891,1755,218,473,319,93,4,57,227,3,2,111,362,0.27,0.314,0.425,0.739,100,745,64,10,2,13,1,56H/4D37,"CLE,MIN,NYY,TOR"
187,Harrison Bader,523,2017,2022,23-28,523,1715,1530,226,376,241,72,11,52,168,55,14,135,438,0.246,0.32,0.409,0.729,99,626,15,36,3,11,14,8H97/D,STL
188,Darin Ruf,520,2012,2022,25-35,520,1521,1321,182,325,196,63,3,63,187,6,1,163,414,0.246,0.336,0.441,0.778,113,583,36,23,1,13,4,3H79D/15,"PHI,SFG"
189,Mitch Haniger,516,2016,2022,25-31,516,2226,1975,316,517,301,102,10,104,296,18,6,198,527,0.262,0.337,0.482,0.818,124,951,37,34,1,18,9,98D7/H,"ARI,SEA"
190,Hunter Dozier,514,2016,2022,24-30,514,2033,1832,235,449,258,98,25,68,216,15,12,174,537,0.245,0.314,0.437,0.751,101,801,43,15,0,12,2,539D7H,KCR
191,Gleyber Torres,514,2018,2022,21-25,514,2064,1845,258,496,317,90,2,87,272,31,12,184,439,0.269,0.337,0.461,0.798,117,851,41,13,5,17,8,46H/D,NYY
192,Raimel Tapia,512,2016,2022,22-28,512,1674,1555,212,432,312,85,12,23,159,50,14,96,308,0.278,0.32,0.392,0.712,81,610,24,5,6,9,3,7H98D,"COL,TOR"
193,Roberto Pérez,511,2014,2022,25-33,511,1752,1505,165,312,196,57,4,55,192,2,1,190,521,0.207,0.298,0.36,0.658,75,542,41,10,35,12,2,2H/D3,"CLE,PIT"
194,Sandy León,508,2012,2022,23-33,508,1620,1452,148,306,216,57,2,31,141,1,1,125,412,0.211,0.279,0.317,0.595,59,460,26,15,19,9,3,2H/D153,"BOS,CLE,MIA,WSN"
195,Steven Souza Jr.,505,2014,2022,25-33,505,1895,1669,223,383,232,71,8,72,207,42,17,198,601,0.229,0.318,0.411,0.729,98,686,30,21,3,4,2,9HD7/8,"ARI,CHC,LAD,SEA,TBR,WSN"
196,Chad Pinder,502,2016,2022,24-30,502,1579,1450,185,351,210,81,3,57,179,5,4,97,430,0.242,0.296,0.42,0.716,97,609,38,18,4,9,1,79H456D8/31,OAK
197,Tyler Naquin,500,2016,2022,25-31,500,1657,1514,204,408,253,90,9,56,217,19,12,110,423,0.269,0.324,0.452,0.776,101,684,27,17,5,11,10,89H7D,"CIN,CLE"
198,Willy Adames,498,2018,2022,22-26,498,1955,1762,264,449,272,93,3,81,231,19,13,180,556,0.255,0.325,0.449,0.774,110,791,36,5,4,4,5,*6H4/D,"MIL,TBR"
199,Tyler Clippard,498,2007,2021,22-36,498,18,15,0,3,2,1,0,0,0,0,0,0,6,0.2,0.2,0.267,0.467,24,4,1,0,3,0,0,1,"ARI,CHW,CLE,HOU,MIN,NYM,NYY,OAK,TOR,WSN"
200,Colin Moran,497,2016,2022,23-29,497,1681,1511,164,398,271,75,3,49,238,1,3,140,374,0.263,0.327,0.414,0.741,99,626,41,12,0,18,8,53HD4/76,"CIN,HOU,PIT"